Cuisines,Cuisines
North Indian,936
"North Indian, Chinese",511
Chinese,354
Fast Food,354
"North Indian, Mughlai",334
Cafe,299
Bakery,218
"North Indian, Mughlai, Chinese",197
"Bakery, Desserts",170
Street Food,149
"Pizza, Fast Food",131
"Chinese, Fast Food",118
"Mithai, Street Food",116
South Indian,112
"Bakery, Fast Food",108
"Chinese, North Indian",105
Mughlai,103
"Ice Cream, Desserts",83
Ice Cream,74
"North Indian, Fast Food",74
Mithai,71
"North Indian, Chinese, Mughlai",70
"North Indian, Chinese, Fast Food",68
"North Indian, Chinese, Continental",65
"Bakery, Desserts, Fast Food",63
"American, Fast Food, Salad, Healthy Food",62
"Mughlai, North Indian",60
"Fast Food, Burger",56
Italian,54
Biryani,54
Beverages,54
Desserts,53
Pizza,53
"Chinese, Thai",51
Finger Food,49
"Raw Meats, North Indian, Fast Food",49
"North Indian, South Indian, Chinese",46
"Fast Food, North Indian",46
"Raw Meats, Fast Food",44
"Fast Food, Beverages",44
"Burger, Fast Food",43
"South Indian, North Indian, Chinese",42
"Fast Food, Chinese",41
"Italian, Pizza, Fast Food",36
Mexican,36
"North Indian, South Indian",35
"North Indian, Chinese, South Indian",34
"South Indian, Chinese",34
American,31
"North Indian, Continental",28
"Desserts, Ice Cream",26
"Italian, Pizza",24
"North Indian, Street Food",22
"Burger, Desserts, Fast Food",22
Continental,21
"Cafe, Tea",20
"American, Fast Food",20
"South Indian, North Indian",19
"Pizza, Italian",19
"Street Food, Mithai",18
Asian,18
"Mughlai, North Indian, Chinese",18
"Biryani, North Indian",18
"Fast Food, Street Food",18
"North Indian, Continental, Chinese",18
"Cafe, Fast Food",18
"Japanese, Sushi",18
Indian,18
Japanese,17
"Biryani, Mughlai",17
"North Indian, Chinese, Italian",16
"Cafe, Bakery",16
Thai,16
"Beverages, Fast Food",15
Healthy Food,15
"North Indian, Biryani",15
"North Indian, South Indian, Chinese, Street Food, Fast Food, Mithai, Desserts",14
"Desserts, Beverages",14
Seafood,14
"Continental, North Indian",13
"North Indian, South Indian, Chinese, Fast Food",13
"American, Burger",13
"Continental, Italian",13
"Tibetan, Chinese",13
"North Indian, Chinese, Continental, Italian",12
"Street Food, North Indian",12
"Cafe, Continental",12
"Cafe, Italian",12
Modern Indian,11
"Fast Food, North Indian, Chinese",11
"Fast Food, Pizza",11
"Chinese, Mughlai, North Indian",11
"Desserts, Bakery",11
"Chinese, South Indian",11
"Italian, Fast Food",10
"Cafe, Continental, Italian",10
"North Indian, Chinese, South Indian, Fast Food",10
"Asian, Chinese",10
"Continental, North Indian, Chinese",10
Brazilian,9
"Street Food, Fast Food",9
Lebanese,9
"Fast Food, Bakery",9
"Cafe, North Indian, Chinese",9
"South Indian, Fast Food",9
"North Indian, South Indian, Fast Food",9
"North Indian, Continental, Italian",9
"North Indian, Fast Food, Chinese",9
BBQ,9
"Cafe, Desserts",9
"North Indian, South Indian, Fast Food, Street Food, Chinese, Beverages, Desserts, Mithai",8
Kashmiri,8
"Raw Meats, Fast Food, North Indian",8
"Tea, Fast Food",8
"North Indian, Mughlai, Biryani",8
"Japanese, Steak, Sushi",8
"Chinese, North Indian, Mughlai",8
"Healthy Food, Salad",8
"Mughlai, Biryani",8
"Chinese, Thai, Asian",8
"American, Seafood, Steak",8
"Italian, Pizza, Bakery",8
"North Indian, Chinese, Italian, Continental",8
"North Indian, Continental, Asian",8
"North Indian, Mughlai, Chinese, Fast Food",8
"Biryani, Hyderabadi",7
"Mithai, Fast Food",7
French,7
European,7
"Fast Food, Italian",7
"American, Fast Food, Burger",7
"Continental, Chinese, North Indian",7
Steak,7
"American, Breakfast",7
"Desserts, Street Food",7
"North Indian, Italian, Continental",7
"Burger, American, Fast Food",6
"Cafe, Italian, Continental",6
"North Indian, Italian, Chinese",6
"Italian, Continental",6
Korean,6
"Continental, North Indian, Italian",6
"North Indian, Chinese, Street Food",6
"Chinese, North Indian, Fast Food",6
Maharashtrian,6
"Continental, Healthy Food",6
International,6
"Chinese, Continental, North Indian",6
"Ice Cream, Beverages, Fast Food",6
"Street Food, Chinese",6
"Continental, Italian, North Indian",6
"Mughlai, Chinese",6
"Chinese, North Indian, South Indian",6
"Bengali, North Indian",6
"Desserts, Fast Food",6
"Mithai, North Indian",6
"Bakery, Mithai",6
"Cafe, Chinese",6
Tea,6
"Chinese, Fast Food, North Indian",6
"Cafe, Bakery, Desserts",6
Burger,6
"Continental, American",5
"North Indian, European, Mediterranean",5
Bengali,5
Kerala,5
"European, Continental",5
"Chinese, Tibetan",5
"Biryani, North Indian, Mughlai",5
"Continental, North Indian, Asian",5
"North Indian, Street Food, Mithai",5
"Chinese, Asian, Thai",5
"North Indian, Chinese, Thai",5
"North Indian, European",5
"Mughlai, Fast Food",5
"North Indian, Biryani, Chinese, Fast Food",5
"Bakery, Chinese",5
"North Indian, Chinese, South Indian, Mithai",5
"Pizza, Sandwich",5
"Cafe, European",5
"American, Italian",5
"Finger Food, North Indian, Italian",5
"North Indian, Mughlai, Chinese, South Indian",5
"American, Tex-Mex",5
"Italian, Pizza, Sandwich",5
"Street Food, South Indian, Mithai",5
"North Indian, Fast Food, South Indian",4
"European, Italian",4
"Chinese, Seafood",4
Juices,4
"Italian, Continental, European, Cafe",4
"Chinese, North Indian, Italian",4
"American, Bar Food",4
"Fast Food, Italian, Pizza",4
"South Indian, Chinese, North Indian",4
"European, Chinese, North Indian, Italian",4
"American, Burger, Sandwich",4
"Healthy Food, Juices",4
"Brazilian, Bar Food",4
"Healthy Food, Beverages",4
"Bakery, Fast Food, Chinese",4
"North Indian, Asian, Continental",4
"Kebab, Turkish Pizza",4
"Italian, Chinese, Continental, Thai, Mediterranean, Lebanese",4
"Chinese, Asian",4
"North Indian, Rajasthani",4
"North Indian, South Indian, Street Food, Mithai",4
"Mithai, Street Food, North Indian",4
"American, BBQ, Steak",4
"North Indian, Mithai",4
"North Indian, Chinese, South Indian, Seafood, Chettinad",4
"Healthy Food, Continental",4
"Chinese, Italian, North Indian",4
Breakfast,4
Afghani,4
"Chinese, South Indian, Fast Food",4
"American, Southern",4
Rajasthani,4
"Cafe, Chinese, Italian",4
Mediterranean,4
"Continental, American, Asian, North Indian",4
Sushi,4
"Portuguese, African",4
"North Indian, Chinese, Finger Food",4
"Chinese, Thai, Fast Food",4
"North Indian, Chinese, Continental, Fast Food",4
"North Indian, Bengali",4
Turkish,4
"Chinese, Japanese, Thai",4
"Cafe, Continental, Chinese",4
Southern,4
"Cafe, Italian, Desserts, Fast Food, Chinese, Tea",4
"Fast Food, Desserts",4
"Raw Meats, North Indian",3
"North Indian, South Indian, Chinese, Mithai",3
"Burmese, Chinese, Japanese, Malaysian, Thai",3
"American, Italian, Pizza",3
Gujarati,3
"American, Breakfast, Burger",3
"Fast Food, Turkish",3
"Japanese, Korean",3
"Cafe, Chinese, Fast Food",3
"Bakery, Cafe",3
Lucknowi,3
"North Indian, Street Food, Fast Food",3
"Italian, North Indian, Continental",3
"Mexican, American, Tex-Mex, Burger",3
"North Indian, Continental, Mughlai, Asian",3
"Chinese, Thai, Japanese",3
"North Indian, Mughlai, Chinese, Seafood",3
Filipino,3
"Continental, Fast Food",3
Naga,3
"Cafe, Italian, Lebanese",3
"North Indian, Mediterranean, Asian",3
"Burger, Fast Food, Chinese",3
"North Indian, Fast Food, Italian, Asian",3
"Mexican, Fast Food",3
German,3
"South Indian, Biryani",3
"American, Steak",3
"Pizza, Bar Food",3
"North Indian, Mughlai, Fast Food",3
"North Indian, Continental, Fast Food",3
"Bakery, Desserts, Beverages",3
"Bakery, Chinese, Fast Food",3
"Chinese, Mughlai",3
"North Indian, Continental, Chinese, Italian",3
"Continental, American, Italian",3
Bar Food,3
"Parsi, Iranian",3
"Bakery, Fast Food, Desserts",3
"Thai, Chinese",3
Nepalese,3
"Indian, North Indian",3
"American, Mexican",3
"Mithai, Bakery",3
"American, Pizza, Bar Food",3
"Sunda, Indonesian",3
"Chinese, Italian, Fast Food",3
"Cafe, Fast Food, North Indian",3
"Street Food, Desserts",3
"Fast Food, North Indian, South Indian",3
"Asian, Thai",3
"Mithai, Chinese",3
"Desserts, Bakery, Fast Food",3
"Cafe, Italian, Chinese",3
"Chinese, South Indian, North Indian",3
"Chinese, North Indian, Fast Food, Italian",3
"Desserts, Ice Cream, Fast Food",3
"Street Food, Beverages",3
"Cafe, Beverages",3
"Spanish, Tapas",3
"Bakery, Desserts, Cafe",3
"Fast Food, Chinese, Bakery",3
"Cafe, North Indian, Continental",3
"European, Mediterranean, North Indian",3
"Mediterranean, Italian",3
"Burger, American",3
"Sushi, Asian",3
"Seafood, North Indian",3
"North Indian, Mughlai, Chinese, Continental",3
"Mithai, North Indian, South Indian, Street Food",3
"Pizza, Cafe, Italian",3
"Kerala, South Indian",3
Bihari,3
British,3
"North Indian, Italian",3
"Chinese, Continental",3
"Breakfast, Burger",3
"Indian, Street Food",3
"North Indian, South Indian, Mughlai",3
"Ice Cream, Beverages",3
"Chinese, Thai, Seafood",3
"Desserts, Cafe",3
"South Indian, Chinese, Fast Food",3
"Italian, Mediterranean, Pizza",3
"North Indian, Chinese, Cafe",3
"Mithai, South Indian, Street Food",3
"Lebanese, Arabian, Moroccan",3
"Chinese, North Indian, Mughlai, Continental",3
"Bakery, Italian, Chinese, Mexican",3
"Street Food, South Indian",3
"North Indian, Chinese, Continental, Thai",3
"Asian, Thai, Chinese",3
"North Indian, South Indian, Street Food",3
"Biryani, North Indian, Hyderabadi",3
"Japanese, Sushi, Thai",3
"Burger, Seafood, Steak",3
"Street Food, North Indian, South Indian, Mithai",3
"Hawaiian, Seafood, Steak",3
"Ice Cream, Desserts, Beverages",3
"Lebanese, Arabian",3
"Lebanese, Mediterranean, Middle Eastern, Arabian",3
Raw Meats,3
"Finger Food, North Indian, Chinese",3
"North Indian, Fast Food, Mughlai",3
"Chinese, Seafood, Japanese",3
South American,2
"Steak, American",2
"Mithai, Street Food, Chinese",2
"Cafe, North Indian, Chinese, Continental",2
"Chinese, Fast Food, Bakery",2
"North Indian, Chinese, Raw Meats",2
"Seafood, Italian",2
"Cafe, Italian, Chinese, Continental",2
"Cafe, North Indian, Continental, Chinese",2
"North Indian, Mughlai, Seafood",2
"Cafe, Mexican",2
"North Indian, South Indian, Fast Food, Street Food, Mithai",2
"Chinese, Thai, Sushi",2
"Italian, North Indian",2
"North Indian, Mughlai, Continental",2
"Mithai, Street Food, Fast Food",2
"North Indian, Chinese, Italian, Fast Food",2
"North Indian, South Indian, Chinese, Fast Food, Mithai",2
"Continental, Goan, Seafood, North Indian",2
"South Indian, Fast Food, Chinese",2
"North Indian, Continental, Goan",2
"Fast Food, Beverages, Desserts",2
"Bengali, Seafood",2
"North Indian, South Indian, Chinese, Street Food, Mithai",2
"North Indian, Continental, Chinese, Italian, Thai, Mughlai",2
"Street Food, North Indian, South Indian, Chinese, Mithai",2
"Fast Food, Italian, North Indian, Chinese",2
"Cafe, Fast Food, Desserts",2
"Chinese, North Indian, Street Food",2
"North Indian, Italian, Fast Food",2
"Cafe, Italian, Chinese, North Indian",2
North Eastern,2
"Assamese, Chinese",2
"Italian, Chinese, North Indian",2
"Fast Food, North Indian, Desserts, Ice Cream",2
"Bengali, North Indian, Chinese",2
"North Indian, Mughlai, Chinese, Italian",2
"Fast Food, South Indian",2
"Street Food, Chinese, North Indian, Mithai",2
"Bakery, Desserts, Chinese, Fast Food",2
"Cafe, Desserts, Bakery",2
"Japanese, Asian",2
"Mediterranean, American, Asian",2
"Cafe, North Indian, Fast Food",2
"Chinese, Thai, Continental, North Indian",2
"Italian, Continental, Cafe",2
"Hyderabadi, North Indian",2
Parsi,2
"North Indian, Maharashtrian",2
"Mithai, North Indian, South Indian, Chinese, Street Food",2
"European, Continental, North Indian",2
"Continental, North Indian, Chinese, Cafe",2
"Continental, North Indian, Chinese, Mughlai, Asian",2
"Finger Food, North Indian",2
"Healthy Food, Continental, Juices, Salad",2
"Cafe, Fast Food, Italian",2
"Beverages, Desserts",2
"Fast Food, American, Italian",2
"Ice Cream, Fast Food, Beverages",2
"Finger Food, Italian, North Indian",2
"European, Italian, North Indian",2
"Mediterranean, Italian, Continental, Spanish, North Indian",2
"North Indian, Italian, Chinese, Fast Food",2
"Middle Eastern, Mediterranean, North Indian",2
"Kerala, Biryani",2
"Cafe, Italian, Continental, Chinese",2
"Cafe, Fast Food, Italian, Chinese",2
"Cafe, Continental, Chinese, Italian",2
"Chinese, Beverages",2
Hyderabadi,2
"Cafe, Healthy Food, Continental",2
"Chinese, Mithai",2
"North Indian, South Indian, Chinese, Street Food",2
"Chinese, Japanese",2
"North Indian, European, Asian, Mediterranean",2
"Continental, North Indian, Italian, Asian",2
"Asian, North Indian",2
"Italian, Mediterranean, Continental, North Indian",2
"North Indian, Continental, Finger Food",2
"Continental, North Indian, South Indian",2
"North Indian, Italian, Chinese, Mexican",2
"Mediterranean, Italian, European",2
Drinks Only,2
"Continental, American, North Indian, Chinese",2
"North Indian, Mughlai, Awadhi",2
"North Indian, Mughlai, South Indian",2
"Bakery, Street Food",2
"Street Food, North Indian, Mithai",2
"Japanese, Chinese, Thai",2
"Continental, European, North Indian",2
"European, American, Street Food",2
"Gujarati, Rajasthani",2
"Continental, North Indian, Mughlai, Chinese",2
"Chinese, Thai, Japanese, Tibetan",2
"North Indian, Finger Food",2
"Tibetan, Nepalese",2
"European, American",2
"Japanese, Chinese, Asian, Malaysian, Thai, Vietnamese",2
"Cafe, Continental, Italian, North Indian",2
"South Indian, Street Food, Mithai",2
"Healthy Food, Juices, Salad, Italian, Continental",2
"Fast Food, Street Food, Beverages",2
"Fast Food, North Indian, Beverages",2
"Street Food, Chinese, North Indian",2
"Chinese, Thai, Asian, Malaysian, Vietnamese, Japanese",2
"Cafe, Italian, Fast Food",2
"Continental, American, Italian, Seafood, North Indian, Cafe",2
"Italian, European",2
"North Indian, Thai, Continental",2
"Chinese, Street Food",2
"Fast Food, Chinese, North Indian",2
"Street Food, Bakery",2
Oriya,2
"European, North Indian",2
Tibetan,2
"Tibetan, Chinese, North Indian",2
"Italian, North Indian, Chinese, Mughlai",2
"European, Cafe",2
"Mexican, Italian",2
"Continental, Chinese",2
"Cafe, North Indian, Italian",2
"Continental, European",2
"North Indian, Continental, Italian, Chinese",2
"Thai, Asian",2
"Chinese, Bakery",2
"Cafe, Fast Food, Street Food",2
"Japanese, Thai, Italian, Asian",2
"North Indian, Asian",2
"Mughlai, Lucknowi, Awadhi",2
"South Indian, Kerala",2
"American, Tex-Mex, Italian, Mexican, North Indian",2
Goan,2
"North Indian, Mithai, Street Food",2
"Mithai, North Indian, Chinese, Street Food",2
"Chinese, Seafood, Asian",2
"Continental, Chinese, Thai, Mughlai, North Indian",2
"Modern Indian, North Indian",2
"Hyderabadi, North Indian, Biryani",2
"North Indian, Street Food, South Indian, Fast Food, Chinese",2
"Finger Food, Continental, Italian",2
"North Indian, Mediterranean, Continental",2
"Burger, Pizza, Sandwich",2
"Fast Food, American",2
"Pakistani, Indian",2
Vietnamese,2
Malaysian,2
"North Indian, Chinese, Mughlai, Fast Food",2
"Cafe, Continental, Fast Food, Italian",2
"North Indian, Chinese, Continental, Mughlai",2
"Chinese, Italian, Continental, North Indian",2
"North Indian, Continental, Mexican, Italian",2
"Continental, North Indian, Mughlai, Burmese",2
"Breakfast, Coffee and Tea",2
"Breakfast, Sandwich",2
"Taiwanese, Street Food",2
"North Indian, Chinese, Fast Food, Street Food",2
"Cafe, Bakery, Fast Food",2
"Seafood, Kiwi",2
"South Indian, North Indian, Chinese, Fast Food",2
"Coffee and Tea, Sandwich",2
"American, BBQ",2
"BBQ, Burger, Seafood",2
"North Indian, Chinese, South Indian, Chinese",2
"Juices, Desserts",2
"Seafood, Western",2
Modern Australian,2
"Sandwich, Seafood, Cajun",2
"Continental, Fast Food, Italian",2
Pakistani,2
"Indian, Curry",2
"Asian, Chinese, Thai",2
"British, Contemporary",2
"Chinese, Dim Sum",2
"Indian, Middle Eastern",2
"Desserts, Sandwich",2
"American, BBQ, Southern",2
"Italian, Chinese",2
"Asian, Vietnamese",2
Latin American,2
"Indian, South Indian",2
"American, Mexican, Burger",2
"American, Italian, Seafood",2
"Seafood, Sushi",2
"Continental, Mexican, Fast Food, Chinese",2
"Indian, North Indian, Chinese",2
"American, BBQ, Burger",2
"American, Desserts",2
"Italian, Continental, North Indian, Chinese",2
"North Indian, Chinese, Mediterranean",2
"Seafood, American",2
"Cafe, Burger",2
"Sushi, Japanese",2
"Burger, Bar Food",2
"Mexican, American, Italian",2
Restaurant Cafe,2
"North Indian, Asian, European",2
"Kebab, Desserts, Turkish Pizza",2
"North Indian, South Indian, Street Food, Bakery",2
"Latin American, Mexican, Southwestern",2
"Cafe, Continental, Fast Food",2
Tapas,2
"Juices, Healthy Food",2
"Filipino, Mexican",2
"South Indian, Chettinad",2
"European, Desserts",2
"Mughlai, Chinese, North Indian",2
"Asian, European",2
Kebab,2
"Bar Food, Brazilian",2
"North Indian, Chinese, Mughlai, Continental",1
Contemporary,1
"Fast Food, North Indian, South Indian, Chinese, Bakery",1
"British, Steak",1
"Burger, Pizza, Biryani",1
"Bakery, Fast Food, Street Food",1
"Mithai, Bakery, North Indian",1
"British, Cafe",1
"Latin American, Italian",1
"Raw Meats, Street Food",1
"South Indian, Fast Food, Street Food",1
"Lucknowi, Biryani",1
"Vietnamese, Fish and Chips",1
"Mexican, North Indian",1
"Burger, Fast Food, Chinese, Bakery",1
"Italian, Cafe",1
"Street Food, Fast Food, Chinese, South Indian, North Indian",1
"American, North Indian, Thai, Continental",1
"Fast Food, Raw Meats",1
"Continental, Italian, Fast Food",1
"North Indian, Chinese, Street Food, Mithai",1
"French, Kiwi",1
"Cafe, French",1
"Mediterranean, Cafe, European",1
"Mithai, North Indian, South Indian, Chinese, Street Food, Bakery",1
"Chinese, Italian",1
"Cafe, British",1
"Greek, Mediterranean, Middle Eastern",1
"Cafe, Italian, Coffee and Tea, Western, Indonesian",1
"Continental, Seafood, Chinese, North Indian, Biryani",1
"Burger, Grill",1
"Burger, Pizza, Fast Food",1
"Street Food, South Indian, Chinese",1
"Cafe, Pizza, Italian",1
"American, Italian, North Indian, Chinese, Lebanese",1
"Indian, Cafe, Curry",1
"Indian, Pakistani, Curry",1
"North Indian, Fast Food, Street Food",1
"Steak, Scottish, British",1
"Mithai, South Indian",1
"British, Scottish, Seafood",1
"Biryani, Andhra",1
"Continental, Kashmiri, Italian, North Indian, Moroccan",1
"Sushi, Japanese, Cantonese",1
"Indian, Cafe",1
"American, Continental, Italian",1
"Mithai, North Indian, South Indian, Chinese, Bakery",1
"British, French",1
"Salad, Healthy Food, Burger, Italian, Continental, Chinese, North Indian, Beverages",1
"Seafood, Chinese, Japanese, Vietnamese, Asian, Thai",1
"Cafe, Tea, Desserts",1
"Italian, French, European, Cafe",1
"Scottish, Cafe",1
"Ice Cream, Desserts, Cafe",1
"Indian, Pakistani",1
"North Indian, European, Chinese",1
"European, Continental, Pizza",1
"North Indian, Lebanese, Mexican, Asian, Italian, American, European",1
"Italian, European, Cafe",1
"North Indian, Mughlai, Nepalese, Tibetan, Korean",1
"North Indian, Chinese, Italian, Finger Food",1
"American, European",1
"Cafe, Coffee and Tea, Western",1
"Fast Food, Pizza, Burger",1
"South Indian, Nepalese",1
"Cafe, North Eastern",1
"Tibetan, South Indian, North Indian",1
"North Indian, Continental, Asian, Chinese, Thai",1
"North Indian, South Indian, Chinese, Mughlai",1
"Naga, Chinese",1
"Lucknowi, Mughlai",1
"Cafe, American",1
"Fast Food, South Indian, Chinese",1
"Cafe, Desserts, Beverages",1
"North Indian, Chinese, Mughlai, South Indian",1
"Asian Fusion, Cafe",1
"Biryani, Chinese, North Indian",1
"North Indian, Fast Food, Biryani",1
"North Indian, Mughlai, Chinese, Continental, Fast Food",1
Indonesian,1
"French, Western",1
"North Indian, Chinese, Seafood, Chettinad",1
"North Indian, Chinese, Tibetan",1
"Asian, North Indian, Continental",1
"Thai, Japanese",1
"Peranakan, Indonesian",1
"Cafe, Tibetan",1
"Nepalese, Tibetan",1
"Cafe, Western",1
"Mexican, Italian, North Indian, Continental, Asian",1
"Cafe, Italian, Mexican, Salad, Desserts",1
"Japanese, Sushi, Ramen",1
"Western, Asian, Cafe",1
"Asian, Indonesian, Western",1
"Chinese, Tibetan, Japanese",1
"Thai, Chinese, North Indian",1
"Fast Food, North Indian, Bakery",1
"Cafe, American, Italian",1
"North Indian, South Indian, Continental, Fast Food",1
"Cafe, Pizza",1
"Asian, Thai, Chinese, North Indian",1
"Desserts, Bakery, Western",1
"American, Asian, North Indian, Mexican, South Indian",1
"Cafe, European, Mexican",1
"Cafe, Kiwi, Ice Cream, Desserts",1
"Fast Food, Mithai, Bakery",1
"Chinese, Continental, Mexican",1
"Bakery, Fast Food, Beverages",1
"Cafe, Kiwi",1
"Biryani, Kerala",1
"Asian, Sushi, Seafood",1
"Fast Food, Tea",1
"Cafe, Fast Food, Healthy Food",1
"Asian Fusion, Pub Food, Fusion, Asian, Filipino, Malaysian, Thai",1
"Mughlai, Fast Food, North Indian",1
"North Indian, Mithai, South Indian, Street Food, Fast Food",1
"Kiwi, European",1
"North Indian, South Indian, Street Food, Chinese, Fast Food, Mithai",1
"Sushi, Japanese, Healthy Food",1
"Continental, European, North Indian, French",1
"North Indian, Street Food, South Indian, Mithai",1
"Ice Cream, Street Food",1
"Chinese, North Indian, Mithai, Street Food",1
"North Indian, Chinese, Mexican, Lebanese, Italian, Fast Food",1
"Japanese, French",1
"American, Italian, Bakery, Deli, Burger, Sandwich, Pizza",1
"American, Continental, Italian, Bakery",1
"Desserts, Middle Eastern, Turkish",1
"European, Lebanese, Mediterranean",1
"Cafe, Bakery, Parsi",1
"Indian, North Indian, Curry, Cafe",1
"European, Mediterranean, Contemporary",1
"Ramen, Japanese",1
"Italian, Pizza, Beverages, Desserts, Grill, Seafood",1
"European, South African",1
"North Indian, Chinese, Sri Lankan",1
"South Indian, North Indian, Chinese, Mughlai",1
"Italian, Cafe, Desserts",1
"Japanese, Thai, Sushi",1
"Cafe, Continental, North Indian",1
"Finger Food, Italian",1
"Seafood, Chinese, Japanese, Sushi, Thai",1
"Cafe, Sri Lankan, Continental, American",1
"Continental, Chinese, Japanese, North Indian, Thai",1
Sri Lankan,1
"Malaysian, North Indian, Sri Lankan",1
"North Indian, Continental, South Indian, Chinese",1
"Cafe, Fast Food, Beverages",1
"North Indian, Kashmiri, Chinese, Thai, Korean",1
"Grill, Steak, Burger, Sushi, Tapas",1
"Contemporary, Burger, European",1
"American, Fast Food, Desserts, Steak",1
"Contemporary, Italian",1
"Street Food, Burger, American, Finger Food, German",1
"Indian, Asian, Durban, International, Desserts",1
"Cafe, Italian, Pizza, European, Bakery, Deli",1
"Contemporary, Sushi, Grill, Italian, Steak",1
"Cafe, Grill",1
"European, South African, Steak",1
"Italian, Mediterranean, Sushi, Desserts",1
"Chinese, Mexican, Italian",1
"Continental, Seafood, Burger, South African, Finger Food, Grill",1
"Cafe, Tapas, South African, Beverages, Healthy Food, Desserts, Spanish",1
"Asian, Japanese, Korean, Thai, Chinese",1
"North Indian, Chinese, South Indian, Street Food, Mithai",1
"Bakery, Healthy Food",1
"Street Food, Continental, Burger, Grill",1
"Grill, Burger",1
"American, Chinese, North Indian",1
"Japanese, Chinese, Asian, Thai",1
"Middle Eastern, Arabian",1
"Continental, Chinese, Thai, Mediterranean",1
"Continental, Cafe",1
"Kebab, Turkish Pizza, D�_ner",1
Turkish Pizza,1
"North Indian, Biryani, Mughlai",1
"Restaurant Cafe, Desserts",1
"Mithai, Street Food, North Indian, South Indian, Chinese, Fast Food, Beverages",1
"Restaurant Cafe, Turkish, Desserts",1
"Healthy Food, Juices, Salad",1
"Desserts, B�_rek",1
"Chinese, Thai, Seafood, Naga",1
"South Indian, North Indian, Chinese, Fast Food, Street Food, Mithai",1
"Chinese, Seafood, Thai",1
"Burger, Izgara",1
"South Indian, North Indian, Street Food, Chinese, Mithai",1
"World Cuisine, Patisserie, Cafe",1
"North Indian, Continental, Asian, Italian",1
"Cafe, Mexican, Continental",1
"World Cuisine, Mexican, Italian",1
"Continental, Tex-Mex",1
"Continental, American, Seafood",1
"European, Italian, Cafe",1
"American, British, Continental",1
"American, North Indian, European, Asian",1
"North Indian, Chinese, Thai, Italian, Middle Eastern",1
"American, Fast Food, Steak, Beverages",1
"Patisserie, Coffee and Tea",1
"North Indian, Italian, Continental, Chinese",1
"Kebab, Izgara",1
"American, Continental, North Indian, Chinese",1
"Continental, Asian, Italian, Mediterranean, Burger",1
"Continental, American, Italian, Bakery",1
World Cuisine,1
"Continental, Kerala",1
"North Indian, South Indian, Street Food, Fast Food, Mithai",1
"Burger, American, Beverages",1
"Healthy Food, Seafood, Beverages, Belgian, Contemporary, Desserts, Finger Food, International",1
"Street Food, North Indian, South Indian",1
"South Indian, Chinese, Fast Food, Mithai",1
"Kerala, Indian, Chinese, Bakery",1
"Chinese, Fast Food, Ice Cream",1
"Chinese, North Indian, Italian, Fast Food",1
"Mithai, Chinese, Street Food",1
"Cafe, Chinese, Continental, Italian, Desserts, Beverages",1
"Chinese, North Indian, Italian, Continental, Fast Food",1
"North Indian, Chinese, Turkish",1
"European, Arabian, Japanese, Bakery, Desserts",1
"North Indian, Fast Food, Chinese, Continental",1
"Pizza, Grill",1
"Cafe, Patisserie",1
"Street Food, North Indian, South Indian, Chinese",1
"Ice Cream, Desserts, North Indian, Street Food",1
"Cafe, North Indian, Lebanese, Continental",1
"Argentine, American",1
"North Indian, Mughlai, Continental, Chinese",1
"Indian, Grill",1
"European, Italian, Thai, Chinese, North Indian",1
"Continental, North Indian, American, Italian, Mexican",1
"Fast Food, North Indian, Mughlai",1
"Steak, Seafood, Grill",1
"Gujarati, Rajasthani, North Indian, Fast Food",1
"North Indian, European, South Indian",1
"Tibetan, Fast Food",1
"Fast Food, North Indian, South Indian, Chinese, Street Food, Mithai",1
"Desserts, Fast Food, Ice Cream",1
"Pakistani, Indian, Afghani, Curry",1
"American, Burger, Grill",1
"British, Burger, Cafe",1
"Indian, Seafood",1
"Desserts, Mithai",1
"South Indian, North Indian, Chinese, Street Food, Fast Food",1
"Japanese, Sushi, Asian",1
"Thai, Chinese, Seafood",1
"Cafe, Burger, Tapas, South African, European, Grill",1
"Continental, Chinese, Italian, Finger Food",1
"North Indian, Spanish, Mediterranean",1
"Italian, Mediterranean",1
"Cafe, Desserts, Healthy Food, Juices",1
"Asian, Sushi, Tapas",1
"North Indian, Fast Food, Bihari",1
"South Indian, Street Food, Chinese",1
"North Indian, Afghani",1
"Mughlai, Afghani",1
"Italian, Chinese, Fast Food, North Indian",1
"Chinese, North Indian, Thai",1
"European, Pizza",1
"Burger, Finger Food, Pizza",1
"Continental, South African, Beverages, Desserts, Seafood, Grill, Ice Cream, International",1
African,1
"Burger, Steak, Seafood",1
"North Indian, Lebanese, European, Mexican",1
"European, Contemporary",1
"Seafood, Japanese, Sushi",1
"Japanese, Asian, Seafood, Sushi",1
"Bakery, Desserts, Fast Food, Beverages",1
"North Indian, South Indian, Chinese, Fast Food, Bakery, Mithai",1
"Cafe, Bakery, Tea, Vegetarian",1
"Seafood, Asian, Grill, Sushi",1
"Burger, Fast Food, Grill",1
"Italian, Mexican, Lebanese, Continental",1
"Cafe, Patisserie, Bakery, Desserts",1
"Burger, American, Grill",1
"Seafood, African, Sushi",1
"North Indian, American, Chinese",1
"North Indian, Italian, Continental, Asian",1
"American, Italian, North Indian, European, Thai",1
"Chinese, Fast Food, Pizza",1
"Cafe, Mediterranean",1
"Asian, North Indian, Mughlai",1
"American, Finger Food",1
"North Eastern, North Indian, Chinese",1
"Mithai, North Indian, Street Food",1
"North Indian, South Indian, Italian, Chinese",1
"Italian, Continental, Mexican, North Indian",1
"Cafe, Continental, Italian, Fast Food",1
"Mexican, Italian, Fast Food",1
"Cafe, Continental, Italian, Mexican, Chinese, American",1
"Continental, Mexican, American, Fast Food, Italian, Chinese",1
"South Indian, North Indian, Street Food",1
"Chinese, Continental, Italian, North Indian",1
"Fast Food, Italian, Beverages",1
"Continental, Mexican, Fast Food, North Indian, Chinese",1
"Arabian, North Indian",1
"Asian, Sushi",1
"Cafe, Italian, Lebanese, Continental, Mediterranean",1
"Chinese, Asian, Mediterranean, Continental",1
"Continental, Chinese, North Indian, Indian",1
"Pizza, North Indian, Continental",1
"Mughlai, Continental, Chinese",1
"Continental, American, Italian, North Indian, Chinese",1
"Fast Food, Street Food, Chinese",1
"Continental, Mexican, Mediterranean",1
"Continental, American, Cafe",1
"Turkish, Mediterranean, Middle Eastern",1
"Asian, Chinese, Japanese",1
"Continental, American, Italian, Mediterranean",1
"Cafe, North Indian, Italian, Chinese",1
"Cafe, Continental, Italian, Chinese",1
"Cafe, Continental, Mexican, Italian, North Indian, Chinese",1
"Cafe, North Indian, Continental, Italian",1
"Biryani, North Indian, Fast Food",1
"Chinese, Thai, Continental, Fast Food, North Indian",1
"North Indian, Chinese, Fast Food, Cafe",1
"Cafe, Italian, North Indian",1
"Juices, Fast Food",1
"Continental, North Indian, Mexican",1
"Mediterranean, Continental, North Indian, Italian",1
"North Indian, Mughlai, Hyderabadi",1
"North Indian, Chinese, Thai, Continental",1
"South Indian, Chinese, Street Food, Mithai",1
"Italian, North Indian, Chinese",1
"Fast Food, North Indian, Chinese, South Indian, Ice Cream",1
"Continental, American, North Indian",1
"Street Food, Continental, South Indian, North Indian, Chinese",1
"North Indian, Fast Food, Chinese, Biryani, Mughlai",1
"North Indian, Continental, European, American, Mediterranean",1
"Cafe, Italian, Continental, Desserts",1
"North Indian, Chinese, South Indian, Street Food, Fast Food, Mithai",1
"North Indian, Mughlai, Italian, Chinese",1
"Continental, Modern Indian, Asian",1
"Finger Food, North Indian, Continental, Chinese, Italian",1
"Continental, Italian, Mediterranean, Asian",1
"Fast Food, North Indian, Chinese, Desserts, Ice Cream",1
"Continental, North Indian, Chinese, Asian",1
"Cafe, Healthy Food, Continental, Italian, Asian",1
"Kashmiri, North Indian, Mughlai, South Indian, Maharashtrian, Gujarati",1
"North Indian, Mangalorean, Chinese",1
"Continental, Italian, North Indian, Chinese",1
"Pizza, North Indian",1
"Naga, Tibetan",1
"Pizza, Continental, Beverages",1
"Naga, Tibetan, Chinese, Bakery",1
"Mithai, North Indian, South Indian, Street Food, Chinese",1
"Desserts, Ice Cream, Pizza",1
"Mithai, Street Food, North Indian, South Indian, Chinese",1
"North Indian, Continental, Thai, Chinese",1
"Mexican, American",1
"Bakery, Beverages, Fast Food",1
"European, Asian",1
"Chinese, North Indian, Fast Food, Street Food",1
"American, Italian, Chinese, North Indian, Cafe",1
Assamese,1
"Continental, Chinese, Fast Food",1
"Cafe, American, Continental, Nepalese",1
"North Indian, Tibetan",1
"Cafe, Korean",1
"Chinese, Tibetan, Fast Food",1
"Cafe, Continental, Chinese, North Indian, Italian",1
"Chinese, Thai, Asian, Japanese, Korean, Seafood",1
"Italian, Lebanese, North Indian",1
"Asian, Chinese, Thai, Malaysian, Indonesian, Burmese",1
"North Indian, European, Asian",1
"Continental, Thai, Chinese, North Indian",1
"Cafe, Fast Food, Bakery",1
"North Indian, Fast Food, Afghani",1
"Beverages, Ice Cream",1
"Chinese, Continental, Thai",1
"Bakery, Desserts, Healthy Food",1
"North Indian, Mughlai, Chinese, Bakery",1
"Tea, Cafe",1
"Biryani, Mughlai, Bengali, North Indian",1
"Mithai, North Indian, South Indian",1
"Street Food, Chinese, Mithai",1
"Fast Food, South Indian, Chinese, Mithai",1
"Ice Cream, Desserts, Fast Food",1
"Continental, Seafood, North Indian",1
"Afghani, North Indian, Pakistani, Arabian",1
"Malaysian, Thai",1
"Continental, North Indian, European, Asian",1
"North Indian, European, Continental",1
"Mediterranean, European",1
"North Indian, Chinese, South Indian, Italian",1
"Spanish, Italian",1
"Cafe, American, Tea",1
"Malaysian, Thai, Kerala, Vietnamese, Sri Lankan",1
"Continental, North Indian, South Indian, Italian",1
"Italian, Continental, Finger Food",1
"Chinese, Cafe",1
"Mughlai, North Indian, South Indian",1
"French, Italian",1
"Mughlai, Italian, Finger Food, Middle Eastern",1
"North Indian, Continental, Lebanese",1
"Continental, Italian, American, North Indian",1
"Continental, Italian, Mediterranean",1
"Finger Food, Continental, Italian, Chinese",1
"Thai, Chinese, Japanese",1
"North Indian, Continental, European, Chinese, Thai",1
"Continental, Italian, North Indian, Chinese, Lebanese",1
"Asian, Continental, Italian, North Indian",1
"North Indian, South Indian, Mithai",1
"North Indian, Continental, Salad",1
"Cafe, North Indian, Chinese, South Indian",1
"Pizza, Burger, Fast Food",1
"North Indian, Chinese, South Indian, Bakery",1
"Chinese, Fast Food, North Indian, South Indian, Street Food, Mithai",1
"North Indian, Chinese, Bakery",1
"Italian, Mexican, Spanish, Thai, Vietnamese, Indonesian, American",1
"Korean, Beverages, Desserts",1
"Cafe, American, Italian, North Indian, Chinese",1
"Asian, Chinese, Thai, Japanese",1
"Hyderabadi, Biryani, North Indian",1
"Lebanese, North Indian, Fast Food",1
"Cafe, Continental, North Indian, Chinese, Mexican",1
"Cafe, Continental, Italian, Chinese, North Indian",1
"Cafe, Italian, Continental, Mexican",1
Awadhi,1
"Asian, Chinese, Thai, Vietnamese",1
"Cafe, Continental, Italian, Mexican",1
"Cafe, Bakery, Italian",1
"Desserts, North Indian",1
"Hyderabadi, Biryani",1
"Continental, Chinese, Italian, Cafe",1
"Continental, Mexican",1
"Cafe, Mexican, Italian, North Indian, Chinese",1
"Pizza, Salad, Finger Food",1
"North Indian, Chinese, Continental, Italian, Mexican, Lebanese",1
"American, Italian, Cafe",1
"Chinese, Thai, Tibetan, Japanese",1
"North Indian, Awadhi",1
"Cafe, Italian, Continental, Mexican, Mediterranean",1
"Chinese, Biryani, North Indian",1
"Bakery, Fast Food, Pizza",1
"North Indian, Street Food, Chinese",1
"Bakery, Desserts, Fast Food, Pizza, Burger, Finger Food",1
"Pizza, Ice Cream",1
"Cafe, Asian, Italian, North Indian",1
"Continental, Italian, American",1
"Continental, Fast Food, North Indian, Asian",1
"Continental, North Indian, European",1
"North Indian, Street Food, Fast Food, Chinese, South Indian, Mithai",1
"European, Asian, Mediterranean, Modern Indian, Desserts, Finger Food",1
"Italian, German, Continental",1
"Italian, Continental, Fast Food, North Indian",1
"Mexican, American, Tex-Mex",1
"North Indian, Mediterranean, Chinese",1
"European, North Indian, Continental, Italian",1
"Cafe, Italian, Mexican, Chinese, North Indian",1
"North Indian, Continental, Chinese, Fast Food",1
"Chinese, North Indian, Italian, Mexican",1
"North Indian, Chinese, Thai, Mexican, Italian",1
"Chinese, Indian",1
"Lebanese, Italian",1
"Italian, North Indian, Desserts, Continental",1
"Italian, Mexican, Mediterranean",1
"Turkish, Arabian, Moroccan, Lebanese",1
"North Indian, Fast Food, Chinese, Japanese, Asian, Italian",1
"Charcoal Grill, Italian, North Indian, European, Indonesian, Thai",1
"Cafe, Fast Food, Asian, Italian",1
"North Indian, Chinese, Tibetan, Italian, Fast Food",1
"North Indian, French, Continental",1
"Goan, Mangalorean, Continental, French",1
"Continental, Italian, North Indian, Lebanese",1
"North Indian, North Eastern, Continental",1
"North Indian, Chinese, Seafood",1
"North Indian, Kashmiri, Mughlai",1
"Desserts, Fast Food, Chinese",1
"Beverages, Healthy Food",1
"North Indian, Fast Food, Mithai",1
"Ice Cream, Bakery",1
"Finger Food, Italian, Spanish, Greek",1
"Mithai, Street Food, North Indian, South Indian",1
"Fast Food, Continental, Italian, Bakery",1
"Fast Food, Chinese, Mithai, Street Food",1
"Chinese, Thai, Seafood, North Indian, Italian",1
"North Indian, Fast Food, Chinese, Mithai",1
"Italian, Continental, Chinese, Mexican",1
"Chinese, Italian, Continental",1
"Andhra, North Indian, Chinese",1
"Japanese, American, North Indian, Fast Food",1
"South Indian, Pizza, Chinese",1
"Bakery, Pizza",1
"Chinese, Thai, Burmese, Vietnamese, Tibetan, Japanese",1
"Cafe, Fast Food, American",1
"Andhra, North Indian, Chinese, Seafood, Biryani",1
"Pizza, Fast Food, Bakery",1
"Mughlai, Chinese, Cafe, BBQ, Cajun",1
"Italian, Lebanese, Mexican",1
"Fast Food, South Indian, Mithai",1
"South Indian, Fast Food, North Indian, Chinese",1
"Fast Food, Mughlai",1
"Awadhi, Mughlai",1
"South Indian, North Indian, Fast Food",1
"South Indian, Chinese, Continental, Italian, North Indian",1
"North Eastern, North Indian",1
"Finger Food, European",1
"Pizza, Chinese",1
"Italian, Fast Food, South Indian",1
"North Indian, Mughlai, Mexican, Thai",1
"North Indian, Chinese, Italian, Lebanese, Mexican",1
"North Indian, Italian, Mexican, Asian",1
"North Indian, Chinese, Italian, Mexican, Lebanese",1
"North Indian, Italian, Chinese, Thai",1
"Finger Food, Italian, Middle Eastern",1
"Cafe, Mexican, Italian, Fast Food",1
"Mithai, North Indian, Street Food, Chinese, South Indian, Indian",1
"North Indian, Continental, Italian, Asian",1
"Chinese, North Eastern",1
"Italian, Mexican, Continental",1
"Thai, Chinese, Asian",1
"Bengali, Chinese",1
"Continental, Chinese, Mexican, North Indian",1
"South Indian, Street Food, Desserts",1
"North Indian, Thai, Italian, Chinese, Mexican",1
"Continental, North Indian, Finger Food",1
"Hyderabadi, Fast Food",1
"Continental, Mexican, Italian",1
"Fast Food, Maharashtrian, North Indian",1
"Bakery, Desserts, Fast Food, Street Food, Chinese, Beverages",1
"Continental, Fast Food, Asian, Italian",1
"North Indian, Biryani, Fast Food",1
"North Indian, South Indian, Chinese, Street Food, Fast Food, Mithai",1
"Cafe, South Indian, North Indian, Bakery",1
"Cafe, Fast Food, Pizza",1
"North Indian, Chinese, Italian, Thai",1
"Mithai, North Indian, Chinese",1
"North Indian, Mughlai, Armenian",1
"Italian, Continental, Fast Food, Chinese",1
"Fast Food, Italian, Desserts, Beverages",1
"Kashmiri, Chinese",1
"North Indian, Beverages",1
"Bakery, North Indian",1
"Italian, Continental, American",1
"Street Food, North Indian, Chinese, Continental",1
"North Indian, Mughlai, Chinese, Raw Meats",1
"Thai, European, Mexican, North Indian, Chinese, Cafe",1
"Tibetan, Street Food",1
"American, Asian, European, Seafood",1
"North Indian, South Indian, Italian, Continental, Mediterranean, Lebanese, Desserts",1
"North Indian, Chinese, Fast Food, Mithai",1
"North Indian, Seafood, Bengali",1
"American, Italian, North Indian, Chinese",1
"North Indian, Mughlai, Lebanese",1
"North Indian, Mughlai, Mughlai",1
"Healthy Food, Italian, Juices, Beverages",1
"Continental, North Indian, Chinese, Italian, Finger Food",1
"Salad, Continental",1
"North Indian, Healthy Food, Rajasthani",1
"Fast Food, Cafe, Italian, North Indian, Chinese",1
"North Indian, Fast Food, Italian, Chinese, Cafe",1
"North Indian, Mexican, Chinese, Italian",1
"Healthy Food, North Indian, Chinese, Continental",1
"Awadhi, North Indian",1
"North Indian, South Indian, Bakery, Italian",1
"South Indian, Chinese, Mithai",1
"Fast Food, Healthy Food",1
"North Indian, South Indian, Fast Food, Street Food, Chinese, Mithai",1
"American, Chinese, North Indian, Italian",1
"Tea, Beverages, Fast Food",1
"Continental, Cafe, Italian, Pizza, North Indian, Chinese, Bakery, Mughlai",1
"Street Food, Mughlai",1
"North Indian, Continental, Chinese, South Indian",1
"North Indian, Continental, Mughlai",1
"Desserts, Beverages, Juices",1
"Asian, North Indian, Japanese",1
"Fast Food, Mughlai, Armenian",1
"North Indian, South Indian, Bihari",1
"North Indian, Mithai, South Indian, Street Food, Chinese",1
"French, Continental, North Indian",1
"Bakery, French",1
"Chinese, Thai, Malaysian, Vietnamese, Korean, Indonesian, Asian",1
"Fast Food, Desserts, Beverages",1
"North Indian, Seafood, South Indian, Italian",1
"North Indian, Middle Eastern, Pizza",1
"Chinese, North Indian, South Indian, Fast Food",1
"North Indian, South Indian, Fast Food, Street Food, Chinese, Beverages, Mithai",1
"Japanese, Chinese",1
"Lucknowi, Mughlai, North Indian",1
"North Indian, Chinese, Mexican, Italian, Thai, Lebanese",1
"North Indian, Chinese, Kashmiri",1
"Mithai, Beverages",1
"North Indian, Chinese, Mediterranean, Asian, Continental",1
"North Indian, South Indian, Bakery, Beverages",1
"Italian, Continental, North Indian",1
"Lebanese, Chinese",1
"European, North Indian, Chinese",1
"Juices, Beverages, Fast Food",1
"Bakery, Desserts, Fast Food, North Indian",1
"North Indian, Finger Food, Italian, Chinese",1
"Continental, Lebanese, Mexican",1
"Chinese, North Indian, Continental, Italian",1
"North Indian, Continental, Italian, Thai, Chinese",1
"North Indian, Cafe",1
"French, Japanese, Desserts",1
"Lebanese, Chinese, Fast Food",1
"Indian, Rajasthani",1
"Indian, Mughlai, South Indian, Biryani",1
"Indian, North Indian, South Indian, Chinese",1
"Goan, Chinese, Indian, North Indian",1
"Indian, Asian",1
"Indian, North Indian, Street Food",1
"Indian, Continental",1
"Continental, Indian",1
"International, Indian",1
"Mediterranean, Italian, Thai, European",1
"Coffee and Tea, Desserts, Beverages",1
"Lebanese, Arabian, Middle Eastern",1
"Pakistani, Afghani, Indian, Hyderabadi",1
"American, Mexican, Seafood",1
"Filipino, Japanese, Asian",1
"Indian, North Indian, Mughlai, Biryani",1
"Thai, Japanese, Chinese, Indonesian, Vietnamese",1
"Turkish, Arabian, Middle Eastern",1
"Burger, Greek, Sandwich",1
"Pakistani, Indian, Mughlai",1
"Pakistani, Chinese, Indian, Afghani",1
"Bakery, Arabian, Middle Eastern",1
"Arabian, Middle Eastern",1
"Cafe, American, Continental, Armenian, Fast Food",1
"North Indian, Italian, Asian, South Indian",1
"Continental, Italian, Chinese",1
"North Indian, Continental, Beverages, Italian, Burger, Healthy Food, Mediterranean",1
"Cafe, Beverages, Desserts, Pizza",1
"North Indian, Chinese, Continental, Desserts, Fast Food, Sandwich",1
"Fast Food, Street Food, South Indian",1
"North Indian, South Indian, Asian, Continental",1
"North Indian, Cafe, Italian, Mexican, Continental",1
"Cafe, Continental, Desserts",1
"Pizza, Italian, Beverages, Desserts",1
"Ice Cream, Desserts, Continental",1
"Chinese, Italian, North Indian, Mexican, Mediterranean, Thai",1
"Cafe, Italian, Mexican, North Indian, Continental",1
"South Indian, Desserts",1
"Rajasthani, Gujarati, Mughlai",1
"African, Portuguese",1
"Sandwich, Sushi, Tapas",1
"Italian, Pizza, Vegetarian",1
"South Indian, North Indian, Chinese, Continental",1
"Asian, Continental, Seafood",1
"Caribbean, Mexican, Cajun",1
"American, Desserts, Diner",1
"Asian, Vegetarian, Vietnamese",1
"Cafe, Spanish, Turkish, Greek",1
"American, Bakery, European, Burger, Fusion",1
"Western, Fusion, Fast Food",1
"Singaporean, Australian, German",1
"Chinese, Seafood, Cantonese, Dim Sum",1
"Singaporean, Chinese, Seafood, Malay, Indian",1
"Coffee and Tea, Tapas, Australian",1
"American, Japanese, Singaporean",1
"Italian, French, Bakery, Cafe",1
"French, Mediterranean, European",1
"Chinese, Continental, Singaporean",1
"American, Seafood, Southern",1
"Cafe, Sandwich, Southern",1
"Pizza, Seafood, Steak",1
"Coffee and Tea, Desserts",1
"Asian, Thai, Vegetarian",1
"BBQ, Caribbean, Seafood",1
"British, Bar Food, Sandwich",1
"American, Desserts, Steak",1
"Coffee and Tea, Mediterranean",1
"Greek, Italian",1
"Fast Food, Seafood",1
"Burger, Bar Food, Vegetarian",1
"Seafood, Southern",1
Australian,1
"Modern Australian, Australian",1
"Cuban, Spanish",1
"Seafood, Steak",1
"Mexican, Vegetarian",1
"International, Italian, Southern",1
"Desserts, Bar Food",1
"Breakfast, Mexican",1
"European, German",1
"Sandwich, Seafood, Steak",1
"Italian, Deli",1
"Breakfast, Spanish, Tapas",1
"Fast Food, American, Salad, Healthy Food",1
"Italian, Continental, Chinese, North Indian",1
"American, Italian, Mughlai, North Indian",1
"Cafe, Italian, Mexican, Continental",1
"Italian, French, Cafe",1
"Fast Food, Cafe, Desserts, Bakery",1
"Fast Food, Chinese, Burger",1
"Mithai, Bakery, Street Food, Chinese, South Indian",1
"Mithai, South Indian, Chinese, Street Food",1
"Mithai, North Indian, South Indian, Chinese, Fast Food",1
"Cafe, Italian, Salad",1
"North Indian, Seafood",1
"Juices, Beverages",1
"Italian, North Indian, Desserts",1
"Raw Meats, North Indian, Chinese, Fast Food",1
"Cafe, American, Mexican, Italian, Thai",1
"Fast Food, Desserts, Ice Cream, Beverages",1
"Fast Food, Chinese, Italian",1
"North Indian, South Indian, Gujarati, Rajasthani",1
"North Indian, Mediterranean, Asian, Chinese",1
"Burger, Desserts",1
"Chinese, Thai, Tibetan",1
"Continental, North Indian, Italian, Seafood, Goan",1
"Seafood, French",1
"North Indian, Chinese, Continental, Goan, Seafood",1
"North Indian, Continental, Chinese, Seafood",1
"Continental, European, Asian, North Indian, Chinese, Italian",1
"Mediterranean, Continental",1
"Continental, North Indian, Chinese, Italian",1
"Cafe, Belgian",1
"Chinese, Thai, North Indian, Japanese",1
"Italian, Pizza, Lebanese",1
"South Indian, Street Food",1
"South Indian, Chinese, Mughlai",1
"Pizza, Desserts",1
"Japanese, Thai, Chinese",1
"South Indian, Seafood, Kerala",1
"Seafood, Continental, European, German",1
"Goan, Seafood, North Indian",1
"Goan, Seafood, Chinese",1
"Goan, North Indian, Chinese",1
"Italian, Continental, Goan",1
"Goan, Seafood, Chinese, North Indian",1
"Desserts, North Indian, Chinese, South Indian, Fast Food, Street Food",1
"North Indian, Chinese, Italian, Mexican",1
"North Indian, Chinese, Continental, Italian, Mexican",1
"Finger Food, North Indian, Italian, Continental, Thai, South Indian",1
"North Indian, Chinese, Mexican, Beverages",1
"Cafe, Italian, Mexican, Bakery",1
"Cafe, Charcoal Grill, Steak",1
"Mediterranean, Asian, Continental, North Indian, Arabian",1
"Italian, Mexican, Chinese",1
"Fast Food, Mexican, Tex-Mex",1
"Pizza, Italian, Fast Food",1
"Cafe, Chinese, North Indian",1
"Asian, Mediterranean, North Indian",1
"Parsi, North Indian",1
"North Indian, Chinese, Italian, Street Food, Desserts",1
"American, Burger, Cafe",1
"Continental, American, Italian, North Indian, Chinese, Cafe",1
"Italian, American, Pizza",1
"North Indian, Hyderabadi",1
"Cafe, Mughlai, North Indian",1
"Continental, Chinese, Biryani, North Indian",1
"Italian, Fast Food, North Indian, Chinese",1
"Chinese, North Indian, Cafe",1
"Cafe, Chinese, Fast Food, Seafood",1
"Italian, Cafe, Chinese, Continental",1
"Asian, Continental",1
"Continental, Chinese, Thai, Malaysian, North Indian",1
"Continental, Fast Food, Desserts, Indian",1
"South Indian, Chettinad, North Indian",1
"North Indian, Mediterranean, Asian, Arabian",1
"Continental, Cafe, Spanish, Italian, European, Greek, Mediterranean",1
"European, Cafe, Italian",1
"Italian, Mexican, Chinese, Thai, North Indian",1
"Continental, Cafe, Italian, Desserts",1
"North Indian, Chinese, Arabian",1
"European, Italian, Desserts",1
"Desserts, American",1
"Burger, Fast Food, Desserts, Beverages",1
"North Indian, Chinese, Continental, Italian, Burger",1
"Continental, Italian, Thai, Finger Food",1
"Japanese, Chinese, Thai, Malaysian, Burmese, Asian",1
"American, Cafe",1
"North Indian, Chinese, Continental, Pizza",1
"Breakfast, Diner, Sandwich",1
"Breakfast, Cajun",1
"Breakfast, Vegetarian",1
"Mexican, Southwestern, Sushi",1
"Chinese, Sushi, Thai",1
"American, Mediterranean, Seafood",1
"Japanese, Sushi, Teriyaki",1
"Sushi, Thai",1
"Italian, Seafood, Vegetarian",1
"Latin American, Steak",1
"European, Spanish",1
"Burger, Seafood",1
"Bar Food, Sandwich, Seafood",1
"Asian, Japanese, Sushi",1
"Desserts, Italian, Pizza",1
"Breakfast, French",1
"Desserts, Sandwich, Southern",1
"International, Tapas, Vegetarian",1
"American, Caribbean, Seafood",1
"Chinese, Steak",1
"Desserts, Latin American, Argentine",1
"International, Southern",1
"Breakfast, Diner",1
"American, International, Sushi",1
"Mediterranean, Tapas, Vegetarian",1
"American, Breakfast, Desserts",1
"American, Breakfast, Greek",1
"Burger, Pizza",1
"Sushi, Teriyaki",1
"Indian, Mediterranean, Middle Eastern",1
"American, Diner, Southern",1
"American, Japanese, Sushi",1
"BBQ, Breakfast, Southern",1
"Mexican, Tex-Mex",1
"Chinese, Canadian",1
"American, Tapas",1
"BBQ, Southern",1
"Seafood, Steak, Vegetarian",1
"Breakfast, Diner, Southern",1
"Japanese, Steak",1
"Burger, Bar Food, Southern",1
"American, Seafood, Cajun",1
"Asian, Japanese",1
"Mexican, Spanish",1
Sandwich,1
"American, Bar Food, Sandwich",1
"Fast Food, French",1
"Brazilian, Healthy Food, Juices, Pizza",1
"Beverages, Bar Food, Fast Food",1
"Seafood, Bar Food, Brazilian",1
"American, Grill",1
"Peruvian, Latin American",1
"Mexican, Grill",1
"Brazilian, Cafe",1
Arabian,1
"American, Asian, Italian, Seafood",1
"International, Southern, Vegetarian",1
"Seafood, American, Mediterranean, Japanese",1
"Cafe, Bakery, American, Italian",1
"Cafe, Korean, Desserts",1
"Cafe, American, Italian, Filipino",1
"American, Ice Cream, Desserts",1
"European, Asian, Indian",1
"Seafood, Filipino, Asian, European",1
"Seafood, Asian, Filipino, Indian",1
"Bakery, Sandwich, Brazilian",1
"Brazilian, Seafood",1
"Steak, BBQ",1
"Beverages, International",1
"Breakfast, Burger, Sandwich",1
"American, Southern, Southwestern",1
"Bar Food, Steak",1
"American, Breakfast, Diner",1
"Seafood, Tapas, Bar Food",1
"Chinese, Seafood, Vegetarian",1
"Steak, Tapas, Bar Food",1
"Pizza, Bar Food, Sandwich",1
"Asian, Chinese, Vegetarian",1
"Brazilian, Bar Food, Beverages",1
"Brazilian, North Eastern",1
"Brazilian, Mineira",1
"Brazilian, Italian",1
"Gourmet Fast Food, Burger",1
"BBQ, Grill, Brazilian",1
"Brazilian, Grill",1
"French, Brazilian, Beverages",1
"American, French",1
"American, Bar Food, BBQ",1
"BBQ, Burger, Desserts",1
"American, Breakfast, Vegetarian",1
"American, Seafood, Sushi",1
"European, International, Tapas",1
"Italian, Pizza, Seafood",1
"Burger, Bar Food, Steak",1
"Mexican, Southwestern, Tex-Mex",1
"Cafe, Coffee and Tea, Sandwich",1
"Mediterranean, Seafood",1
Pub Food,1
"Mediterranean, Turkish",1
"American, Coffee and Tea",1
"Southern, Cajun, Soul Food",1
Cajun,1
"American, BBQ, Sandwich",1
"American, Sandwich, Tea",1
"Asian, Latin American, Vegetarian",1
Caribbean,1
"Brazilian, Steak",1
"New American, Tapas",1
"Caribbean, Seafood, Steak",1
"Burger, Sandwich, Seafood",1
"Caribbean, Seafood",1
Greek,1
"International, Mediterranean, Sandwich",1
"Desserts, Sandwich, Ice Cream",1
"American, Breakfast, Hawaiian",1
"Asian, European, Seafood",1
"American, Asian, Burger",1
"Hawaiian, Seafood",1
"Asian, Breakfast, Hawaiian",1
"Japanese, Seafood, Sushi",1
"American, Hawaiian",1
"Indian, Persian",1
New American,1
"Desserts, Thai",1
"Indian, International, Vegetarian",1
"Asian, Sushi, Vegetarian",1
"American, Pizza",1
"American, Greek",1
"Breakfast, Coffee and Tea, Modern Australian",1
Irish,1
"American, Sandwich, Salad",1
Hawaiian,1
"BBQ, Sandwich",1
"American, Burger, Cajun",1
"American, Sandwich, Seafood",1
"Cafe, Australian",1
"Tea, Modern Australian",1
"American, Burger, Pizza, Cafe",1
"Breakfast, Pizza",1
"International, Pizza",1
"Desserts, Pizza, Ice Cream",1
"American, BBQ, Seafood",1
"Coffee and Tea, Tea, Modern Australian",1
"Breakfast, Mexican, Southwestern",1
"Burger, Desserts, Vegetarian",1
"Asian, Vegetarian, Vietnamese, Bubble Tea",1
"Chinese, Pizza",1
"Latin American, Mexican",1
"Asian, Sushi, Thai",1
"BBQ, Caribbean, Cajun",1
"Bar Food, Seafood, Vegetarian",1
"American, European, Sandwich",1
"American, International, Southwestern",1
"German, Ice Cream",1
"Coffee and Tea, Modern Australian",1
"Bar Food, Modern Australian",1
"American, Greek, Seafood",1
"Pizza, Sandwich, Vegetarian",1
"American, Chinese, Sushi",1
"Greek, Mediterranean, Vegetarian",1
"European, Italian, Mediterranean",1
"Desserts, Greek, Sandwich",1
"American, Seafood",1
"Burger, Desserts, Bar Food",1
"Coffee and Tea, Cuban, Latin American",1
"Burger, Desserts, Sandwich",1
"Burger, Coffee and Tea, Modern Australian",1
"Breakfast, Modern Australian",1
"Italian, Fusion, Cafe",1
"Cafe, Coffee and Tea, Modern Australian",1
"Burger, German, Sandwich",1
"Asian, Burmese",1
"Persian, Arabian, Lebanese, North Indian",1
"Chinese, Japanese, Sushi",1
"Chinese, North Indian, Mughlai, Pizza",1
"Bakery, Desserts, Fast Food, Mithai",1
"Desserts, Bakery, Pizza, Burger, Continental",1
"Bakery, Desserts, Fast Food, Pizza, Burger, Continental",1
"Fast Food, North Indian, Chinese, Desserts",1
"Chinese, Fast Food, North Indian, South Indian",1
"Seafood, South Indian, Andhra, Hyderabadi, Goan",1
"North Indian, Street Food, Mughlai",1
"Chinese, Japanese, Thai, Malaysian, Vietnamese, Asian",1
"Street Food, Fast Food, Beverages",1
"Cafe, Chinese, Fast Food, Italian",1
"Chinese, North Indian, Italian, Mughlai",1
"Continental, North Indian, Fast Food, Street Food, South Indian",1
"Continental, Seafood, Goan, Andhra, Kerala, Thai",1
"North Indian, Seafood, Continental",1
Cuisine Varies,1
"Malwani, North Indian, Chinese, Seafood",1
"North Indian, European, Mediterranean, Asian",1
"Seafood, Chinese, Thai",1
"Continental, Asian, North Indian",1
"Malaysian, Indonesian",1
"Continental, North Indian, Mughlai, Italian",1
"North Indian, South Indian, Chinese, Mithai, Fast Food",1
"Mughlai, Street Food",1
"Ice Cream, Mithai, North Indian, Street Food",1
"Beverages, Street Food",1
"North Indian, Street Food, Chinese, South Indian",1
"North Indian, Fast Food, Chinese, South Indian",1
"North Indian, South Indian, Fast Food, Street Food, Chinese, Desserts, Mithai",1
"Gujarati, South Indian, North Indian",1
"South Indian, Chettinad, North Indian, Chinese",1
"Cafe, Healthy Food, North Indian",1
"Kashmiri, North Indian",1
"Chinese, North Indian, Seafood",1
"Bakery, Italian, Fast Food, Chinese, Continental",1
"Chinese, Thai, North Indian",1
"Japanese, Chinese, Malaysian, Thai, Vietnamese",1
"North Indian, Street Food, Chinese, South Indian, Mithai",1
"Fast Food, Italian, Chinese",1
"Pizza, Fast Food, Chinese",1
"Continental, North Indian, Thai, Chinese",1
"Continental, Fast Food, Tea",1
"Kerala, Fast Food",1
"Seafood, Chinese",1
"Cafe, Chinese, Thai, North Indian, Continental",1
"Italian, American, Lebanese",1
"Mediterranean, Italian, American",1
"Cafe, Italian, Desserts",1
"Mughlai, Lucknowi",1
"Cafe, Chinese, Continental",1
"Continental, Seafood, North Indian, Asian",1
"Biryani, North Indian, Chinese, Mughlai",1
"Tex-Mex, American",1
"Continental, South Indian",1
"North Indian, Chinese, Mexican, Italian",1
"Chinese, Cafe, North Indian, Desserts",1
"Continental, Middle Eastern, Asian",1
"Italian, Mexican, American, Mediterranean",1
"Continental, Cafe, Desserts, Bakery",1
"Italian, Seafood, Mediterranean, Desserts, Cafe",1
"Kerala, South Indian, Chinese, Biryani",1
"Chinese, Seafood, North Indian, Biryani",1
"North Indian, Continental, South Indian, Chinese, Thai, Asian",1
"Italian, Continental, North Indian, Cafe",1
"Italian, Continental, Mexican, Lebanese",1
"Mediterranean, Chinese, Continental",1
"Cafe, Continental, European, Beverages",1
"Italian, North Indian, South Indian",1
"North Indian, Andhra, Mughlai",1
Andhra,1
"Street Food, Burger, Desserts, Italian, Pizza, North Indian, European, Finger Food",1
"Italian, Continental, Mexican, Japanese, American, British",1
"American, Burger, Fast Food",1
"Cafe, Continental, North Indian, Italian, Chinese, Bakery, Desserts, Finger Food",1
"Healthy Food, American, Burger, Salad",1
"North Indian, Italian, Finger Food",1
"North Indian, Mughlai, Chinese, Mangalorean",1
"Chinese, Continental, North Indian, Mughlai",1
"Finger Food, Continental, North Indian",1
"Chinese, Mangalorean",1
"European, Chinese",1
"Continental, Chinese, Italian, Bakery",1
"Cafe, Continental, Italian, Bakery",1
"North Indian, Mughlai, Fast Food, South Indian",1
"Mughlai, North Indian, Bengali, Continental",1
"North Indian, Chinese, Biryani",1
"Thai, Chinese, Asian, Malaysian",1
"Chinese, Cafe, Fast Food",1
"Fast Food, Cafe",1
"Chinese, Lucknowi",1
"Awadhi, Mughlai, North Indian",1
"Afghani, Mughlai, Chinese",1
"North Indian, Indian",1
"American, Fast Food, Desserts",1
"Lebanese, Mediterranean, Arabian",1
"Mexican, North Indian, European, Chinese, Italian",1
"North Indian, Kashmiri",1
"Fast Food, North Indian, South Indian, Chinese",1
"Chinese, Naga",1
"Desserts, Ice Cream, North Indian",1
"Rajasthani, North Indian",1
"Cafe, Mexican, American, Italian, Lebanese, Continental",1
"North Indian, Continental, Chinese, Italian, Lebanese",1
"North Indian, South Indian, Chinese, Street Food, Fast Food",1
"South Indian, Chinese, Continental",1
"Continental, Chinese, North Indian, Healthy Food",1
"Healthy Food, Fast Food",1
"North Indian, Rajasthani, Gujarati",1
"North Indian, Chinese, Continental, Seafood",1
"Bakery, Desserts, Ice Cream",1
"Cafe, Fast Food, Continental",1
"Cafe, Italian, Continental, Fast Food",1
"European, Asian, North Indian, Italian, Continental, Pizza",1
"Continental, Chinese, Thai",1
"American, Mexican, Finger Food",1
"British, Chinese, Italian",1
"Mexican, Italian, American",1
"North Indian, Continental, Italian, Finger Food",1
"Burger, American, Fast Food, Italian, Pizza",1
"Chinese, Healthy Food",1
"Kashmiri, Chinese, Mughlai",1
"North Indian, Fast Food, Continental",1
"European, Sushi, Italian",1
"Seafood, Mughlai, North Indian",1
"South Indian, Andhra",1
"Mediterranean, Continental, Italian",1
"North Indian, Hyderabadi, Kashmiri, Chinese",1
"Continental, Asian, Sushi",1
"Italian, French",1
"Bengali, South Indian, North Indian, Mughlai",1
"Cafe, North Indian, Italian, Japanese, Fast Food",1
"Goan, Seafood",1
"North Indian, Italian, Mexican, Chettinad, Chinese, Lebanese",1
"North Indian, Mexican, Italian, Continental",1
"North Indian, Continental, European",1
"Asian, Japanese, Chinese, Thai",1
"Pizza, Italian, Cafe",1
"North Indian, Chinese, Italian, Mediterranean",1
"Burger, Juices, Finger Food",1
"Continental, Mexican, American, Italian, North Indian",1
"Continental, Italian, Asian, Indian",1
"Finger Food, Continental, North Indian, Chinese",1
"North Indian, Lucknowi",1
"Italian, Tex-Mex, Continental, North Indian",1
"Chinese, Japanese, Korean, Asian",1
"North Indian, Mughlai, Biryani, Bengali",1
"Continental, American, Fast Food",1
"Arabian, Mexican",1
"North Indian, Chinese, Mughlai, Italian",1
"Seafood, Continental, European",1
"Finger Food, European, North Indian",1
"North Indian, Mughlai, Kashmiri",1
"North Indian, Chinese, Fast Food, South Indian",1
"North Indian, Afghani, Mughlai",1
"Continental, Mexican, Burger, American, Pizza, Tex-Mex",1
"Italian, Mexican, Continental, North Indian, Finger Food",1
"Fast Food, American, Burger",1
"Continental, Mediterranean, Italian, North Indian",1
"North Indian, Mediterranean, Asian, Fast Food",1
"Healthy Food, Continental, Italian",1
"Continental, North Indian, Chinese, Mediterranean",1
"North Indian, Chinese, Italian, American, Middle Eastern",1
"North Indian, Italian, Asian, American",1
"Chinese, Japanese, Italian, Seafood",1
"American, Continental, Italian, North Indian, Asian",1
"North Indian, Mediterranean, Asian, Continental",1
"Finger Food, North Indian, Continental, Italian",1
"Continental, American, Tex-Mex, North Indian",1
"Kerala, South Indian, Continental, North Indian, Seafood, Chinese",1
"Chinese, Thai, North Indian, South Indian",1
"Cafe, Italian, Pizza",1
"American, Seafood, Italian, Japanese, Thai",1
"North Indian, Mughlai, South Indian, Chinese",1
"Lebanese, North Indian",1
"Cafe, North Indian",1
"North Indian, Mughlai, South Indian, Rajasthani, Street Food",1
"Cafe, American, Desserts, Italian, Bakery",1
"Finger Food, Continental, North Indian, Italian, Chinese",1
"Continental, Asian, North Indian, Italian",1
"Chinese, North Indian, South Indian, Street Food",1
"Mughlai, Pakistani, North Indian",1
"Chinese, North Indian, Italian, Continental",1
"Arabian, Lebanese",1
"Continental, Italian, Mexican",1
"Fast Food, Chinese, Bengali",1
"Asian, Bakery",1
"North Indian, American, Italian",1
"Pizza, Mexican, Chinese, Italian",1
"Kashmiri, Mughlai",1
"Seafood, Mediterranean",1
"Bakery, Mithai, Fast Food",1
"North Indian, Chinese, Street Food, Fast Food",1
"Italian, Pizza, Cafe",1
"Street Food, Mithai, South Indian, North Indian, Chinese",1
"Continental, Italian, North Indian, American",1
"North Indian, Mughlai, Asian, Continental",1
"North Indian, American, Asian, Biryani",1
"Italian, Mexican",1
"Raw Meats, North Indian, Chinese",1
"Biryani, Pizza, Fast Food, Healthy Food",1
"Bakery, Chinese, North Indian",1
"Street Food, Mithai, North Indian, South Indian, Chinese",1
"Mithai, South Indian, Chinese, Street Food, North Indian",1
"Mexican, Lebanese, Italian, Continental, Thai",1
"North Indian, Chinese, Fast Food, Desserts",1
"North Eastern, Continental, South Indian, Fast Food",1
"Healthy Food, North Indian, Beverages",1
"Bakery, Beverages",1
"Korean, Chinese",1
"Continental, Finger Food",1
"Continental, Chinese, North Indian, Mughlai",1
"American, Continental, Burger",1
"Mughlai, Hyderabadi",1
"Fast Food, Biryani",1
"Beverages, Juices",1
"Mediterranean, Mughlai, Thai, North Indian, Chinese",1
"Italian, Lebanese, Fast Food, Bakery",1
"Mexican, American, Healthy Food",1
"North Indian, Biryani, Fast Food, Chinese",1
"North Indian, Greek, Mughlai",1
"Cafe, Street Food",1
"Continental, Italian, Pizza, Asian",1
"Chinese, Mexican, Fast Food, Continental",1
"Burmese, Chinese, Thai",1
"Continental, Finger Food, Chinese, North Indian",1
"North Indian, Continental, Chinese, Japanese, Italian, Thai",1
"Finger Food, North Indian, Italian, European, Continental",1
"Beverages, Salad",1
"Street Food, Fast Food, North Indian",1
"American, Italian, Chinese",1
"Mediterranean, Mexican, North Indian, American",1
"Mediterranean, European, American, North Indian",1
"Chinese, Japanese, Thai, Asian",1
"Beverages, Salad, Beverages",1
"Healthy Food, North Indian, Continental",1
"Juices, Beverages, Healthy Food",1
"Biryani, Lucknowi, North Indian",1
"Korean, Japanese, Chinese, Asian",1
"Finger Food, American, Continental, North Indian, Italian",1
"North Indian, Italian, Mexican",1
"Cafe, Italian, Bakery",1
"Cafe, Italian, European, Bakery",1
"Continental, North Indian, European, Finger Food",1
"North Indian, Street Food, Beverages",1
"American, European, North Indian",1
"Greek, Mediterranean",1
"Italian, Mexican, Cafe",1
"North Indian, Mithai, Chinese, Street Food",1
"Cafe, Continental, Italian, Pizza",1
"Healthy Food, European, Continental, Salad",1
"Asian, Chinese, North Indian",1
"Awadhi, North Indian, Mughlai",1
"Continental, Burger, American",1
"Japanese, Tibetan, Vietnamese, Korean",1
"Mithai, North Indian, South Indian, Fast Food, Street Food, Chinese",1
"Mexican, Italian, North Indian, Chinese",1
"Continental, North Indian, Chinese, European, Asian",1
"Hyderabadi, Awadhi",1
"North Indian, European, Continental, Finger Food",1
"Cafe, Continental, Italian, Street Food",1
"Bakery, Cafe, Fast Food",1
"Cafe, Italian, Mexican, Chinese",1
"Cafe, Lebanese, Italian",1
"Greek, Lebanese",1
"Cafe, Fast Food, Italian, Mexican",1
"North Indian, Chinese, Continental, Mediterranean, Asian",1
"Desserts, Cafe, Mexican",1
"Continental, Burger, Pizza, North Indian, European, Finger Food",1
"Cafe, Continental, North Indian, Chinese",1
"North Indian, Andhra, Chettinad, Bengali, Mughlai, Chinese",1
"Italian, Continental, Chinese",1
"Continental, Asian",1
"North Indian, Japanese, Italian",1
"Seafood, Continental, Goan, Asian, Andhra",1
"Continental, North Indian, Chinese, Arabian, Thai",1
"Continental, Fast Food, Chinese, Charcoal Grill, Mexican",1
"Italian, Chinese, Mexican, Thai, North Indian",1
"Italian, Continental, Mexican, Cafe, Bakery",1
"Continental, Italian, North Indian, Lebanese, Thai",1
"Modern Indian, Asian",1
"European, North Indian, Mediterranean, American",1
"North Indian, Kerala, Chinese, Continental",1
"North Indian, Mughlai, Lebanese, Arabian, Mediterranean",1
"Chinese, North Indian, Continental",1
"North Indian, Mexican, Italian",1
"Cafe, Continental, Desserts, Ice Cream, Italian, Beverages",1
"Indian, Chinese, Continental",1
"Finger Food, North Indian, Continental, Italian, Mediterranean",1
"Continental, Mexican, North Indian, Chinese",1
"North Indian, Continental, Chinese, Mexican, Italian, Desserts",1
"North Indian, Continental, Chinese, Italian, Mexican",1
"Cafe, Mexican, Italian, Continental",1
"Cafe, Mexican, Italian, North Indian, Fast Food",1
"Italian, Bakery, Continental",1
"North Indian, Chinese, Continental, Rajasthani",1
"Continental, Mexican, Beverages, Desserts, North Indian, Chinese, Rajasthani",1
"Cafe, Italian, Japanese, Continental",1
"Asian, Chinese, Tibetan",1
"Continental, Juices, Cafe, Desserts, Salad, Italian",1
"Cafe, American, Italian, Continental",1
"Cafe, Fast Food, Chinese",1
"Chinese, North Indian, South Indian, Healthy Food",1
"Mithai, North Indian, South Indian, Chinese",1
"North Indian, Mithai, Chinese",1
"Afghani, North Indian",1
"Healthy Food, Salad, Italian, Continental",1
"Asian, Continental, Fast Food",1
"North Indian, Biryani, Chinese",1
"North Indian, Asian, Italian",1
"Healthy Food, Cafe, Desserts, Italian, Bakery",1
"North Indian, Italian, Parsi, Asian, Kerala",1
"Continental, Italian, North Indian, Mughlai",1
"Continental, North Indian, Italian, Chinese",1
"Bihari, Lucknowi, North Indian",1
"Asian, Seafood",1
"Chinese, Continental, North Indian, Mexican",1
"North Indian, Italian, Chinese, American",1
"Portuguese, African, Lebanese",1
"North Indian, South Indian, Chinese, Healthy Food, Bakery",1
"Healthy Food, Continental, North Indian, Salad",1
"Chinese, Thai, Japanese, Asian",1
"Healthy Food, North Indian",1
"Mithai, Street Food, South Indian, Chinese, North Indian",1
"Chinese, Assamese",1
"Mithai, Bakery, Street Food",1
"North Indian, Mediterranean, European, Asian, Chinese, Pizza",1
"Healthy Food, Fast Food, Salad",1
"Bakery, Desserts, Bakery",1
"Italian, Burger, Charcoal Grill",1
"Chinese, North Indian, Continental, Mexican",1
"Cafe, Pizza, Burger",1
"Healthy Food, Continental, Juices, Beverages, Italian, Salad, Lebanese",1
"Goan, American, Portuguese",1
"South Indian, Desserts, Beverages",1
"Healthy Food, North Indian, Italian, Salad",1
"Bengali, Fast Food",1
"North Indian, Rajasthani, Asian",1
"Chinese, Thai, Malaysian, Indonesian",1
"Bakery, Desserts, North Indian, Bengali, South Indian",1
"Italian, World Cuisine",1
